{
  "temperature": {
    "low": 15.923300000000022,
    "high": 25.923300000000022
  },
  "humidity": {
    "low": 22.0,
    "high": 52.0
  },
  "wind": {
    "low": -0.6178999999999997,
    "high": 6.3821
  },
  "rain": {
    "low": -0.14350000000000002,
    "high": 2.0564999999999998
  },
  "weights": {
    "temperature": 0.16844750048645982,
    "humidity": 0.35024251969140185,
    "wind": 0.2592540930859452,
    "rain": 0.222055886736193
  }
}